Time,User,Action
2025-11-25 15:52:02,chethana,Logged In
2025-11-25 15:52:14,chethana,Logged Out
2025-11-25 15:52:35,chethanam,Logged In
2025-11-25 15:52:56,chethanam,Logged Out
2025-11-25 16:29:37,chethana,Logged In
2025-11-25 16:29:57,chethana,Logged Out
2025-11-25 16:30:11,chethana,Logged In
2025-11-25 16:42:35,chethana,Logged In
2025-11-25 16:49:52,chethana,Logged In
2025-11-25 16:50:16,chethanam,Logged In
2025-11-25 16:52:01,chethanam,Logged Out
2025-11-25 17:00:12,chethana,Logged In
2025-11-25 17:12:25,chethana,Logged In
2025-11-25 17:12:58,chethana,Logged Out
2025-11-25 17:13:18,chethanam,Logged In
2025-11-25 17:13:34,chethanam,Logged In
2025-11-25 17:16:54,chethana,Logged In
2025-11-25 17:17:09,chethana,Logged Out
2025-11-25 17:17:43,chethanam,Logged In
2025-11-25 17:21:08,chethana,Logged In
2025-11-25 17:21:34,chethana,Logged Out
2025-11-25 17:21:53,chethanam,Logged In
2025-11-25 17:22:11,chethanam,Logged Out
2025-11-25 18:50:05,chethana,Logged In
2025-11-25 19:32:55,chethanab,Logged In
2025-11-25 19:34:35,chethanab,Logged Out
2025-11-25 19:34:51,chethana,Logged In
2025-11-25 19:35:25,chethana,Logged Out
2025-11-25 19:35:59,chethana,Logged In
2025-11-25 19:36:25,chethana,Logged Out
2025-11-25 19:36:55,chethanab,Logged In
2025-11-25 19:37:45,chethanab,Logged Out
2025-11-25 20:04:18,chethana,Logged In
2025-11-25 20:07:47,chethana,Logged In
2025-11-25 20:11:19,chethana,Logged Out
2025-11-26 08:33:26,harshitha,Logged In
2025-11-26 08:33:54,harshitha,Logged Out
2025-11-26 08:34:13,chethana,Logged In
2025-11-26 08:34:33,chethana,Logged Out
2025-11-26 08:34:57,harshithap,Logged In
2025-11-26 08:35:13,harshithap,Logged Out
2025-11-26 08:35:47,chethanamb,Logged In
2025-11-26 08:36:00,chethanamb,Logged Out
2025-11-26 08:37:08,chethanabm,Logged In
2025-11-26 08:44:16,manvitha,Logged In
2025-11-26 08:46:31,manvitha,Logged In
2025-11-26 08:46:48,manvitha,Logged Out
2025-11-26 11:30:25,dhathri,Logged In
2025-11-26 11:31:06,dhathri,Logged Out
2025-11-26 11:31:36,supriya,Logged In
2025-11-26 11:33:25,supriya,Logged Out
2025-11-26 11:38:39,navya,Logged In
2025-11-26 11:39:22,navya,Logged Out
2025-11-26 11:40:31,navya,Logged In
2025-11-26 11:41:24,supriya,Logged In
2025-11-26 11:42:20,navya,Logged In
2025-11-26 11:45:46,navya,Logged In
2025-11-26 11:46:57,navya,Logged Out
2025-11-26 11:47:08,supriya,Logged In
2025-12-03 14:32:05,pacchaharshitha,Logged In
2025-12-03 14:36:56,pacchaharshitha,Logged Out
2025-12-03 14:40:26,manvitharagipati,Logged In
2025-12-03 14:51:13,manvitharagipati,Logged Out
2025-12-03 14:51:25,pacchaharshitha,Logged In
2025-12-04 11:53:30,chethanamb,Logged In
2025-12-04 11:54:05,chethanamb,Logged Out
2025-12-04 11:54:40,manvitharagi,Logged In
2025-12-04 11:55:17,manvitharagi,Logged Out
2025-12-04 11:55:28,chethanamb,Logged In
2025-12-04 11:57:49,chethanamb,Logged Out
